Certificate,3,168
Certificate,4,220
Certificate,5,272
Certificate,6,324
Certificate,7,376
Certificate,8,428
Certificate,9,480
Certificate,10,532
Certificate,11,584
Certificate,12,636
Certificate,13,688
Certificate,14,740
Certificate,15,792
Certificate,16,844
Certificate,17,896
Certificate,18,948
Certificate,19,1000
Certificate,20,1052
Certificate,21,1104
Certificate,22,1156
Certificate,23,1208
Certificate,24,1260
Certificate,25,1312
Certificate,26,1364
Certificate,27,1416
Certificate,28,1468
Certificate,29,1520
Certificate,30,1572
Certificate,31,1624
Certificate,32,1676
Certificate,33,1728
Certificate,34,1780
Certificate,35,1832
Certificate,36,1884
Certificate,37,1936
Certificate,38,1988
Certificate,39,2040
Certificate,40,2092
Certificate,41,2144
Certificate,42,2196
Certificate,43,2248
Certificate,44,2300
Certificate,45,2352
Certificate,46,2404
Certificate,47,2456
Certificate,48,2508
Certificate,49,2560
Certificate,50,2612
Certificate,51,2664
Certificate,52,2716
Certificate,53,2768
Certificate,54,2820
Certificate,55,2872
Certificate,56,2924
Certificate,57,2976
Certificate,58,3028
Certificate,59,3080
Certificate,60,3132
Certificate,61,3184
Certificate,62,3236
Certificate,63,3288
Certificate,64,3340
Certificate,65,3392
Certificate,66,3444
Certificate,67,3496
Certificate,68,3548
Certificate,69,3600
Certificate,70,3652
Certificate,71,3704
Certificate,72,3756
Certificate,73,3808
Certificate,74,3860
Certificate,75,3912
Certificate,76,3964
Certificate,77,4016
Certificate,78,4068
Certificate,79,4120
Certificate,80,4172
Certificate,81,4224
Certificate,82,4276
Certificate,83,4328
Certificate,84,4380
Certificate,85,4432
Certificate,86,4484
Certificate,87,4536
Certificate,88,4588
Certificate,89,4640
Certificate,90,4692
Certificate,91,4744
Certificate,92,4796
Certificate,93,4848
Certificate,94,4900
Certificate,95,4952
Certificate,96,5004
Certificate,97,5056
Certificate,98,5108
Certificate,99,5160
Certificate,100,5212
Propose,3,1449
Propose,4,1847
Propose,5,2245
Propose,6,2643
Propose,7,3041
Propose,8,3439
Propose,9,3837
Propose,10,4235
Propose,11,4633
Propose,12,5031
Propose,13,5429
Propose,14,5827
Propose,15,6225
Propose,16,6623
Propose,17,7021
Propose,18,7419
Propose,19,7817
Propose,20,8215
Propose,21,8613
Propose,22,9011
Propose,23,9409
Propose,24,9807
Propose,25,10205
Propose,26,10603
Propose,27,11001
Propose,28,11399
Propose,29,11797
Propose,30,12195
Propose,31,12593
Propose,32,12991
Propose,33,13389
Propose,34,13787
Propose,35,14185
Propose,36,14583
Propose,37,14981
Propose,38,15379
Propose,39,15777
Propose,40,16175
Propose,41,16573
Propose,42,16971
Propose,43,17369
Propose,44,17767
Propose,45,18165
Propose,46,18563
Propose,47,18961
Propose,48,19359
Propose,49,19757
Propose,50,20155
Propose,51,20553
Propose,52,20951
Propose,53,21349
Propose,54,21747
Propose,55,22145
Propose,56,22543
Propose,57,22941
Propose,58,23339
Propose,59,23737
Propose,60,24135
Propose,61,24533
Propose,62,24931
Propose,63,25329
Propose,64,25727
Propose,65,26125
Propose,66,26523
Propose,67,26921
Propose,68,27319
Propose,69,27717
Propose,70,28115
Propose,71,28513
Propose,72,28911
Propose,73,29309
Propose,74,29707
Propose,75,30105
Propose,76,30503
Propose,77,30901
Propose,78,31299
Propose,79,31697
Propose,80,32095
Propose,81,32493
Propose,82,32891
Propose,83,33289
Propose,84,33687
Propose,85,34085
Propose,86,34483
Propose,87,34881
Propose,88,35279
Propose,89,35677
Propose,90,36075
Propose,91,36473
Propose,92,36871
Propose,93,37269
Propose,94,37667
Propose,95,38065
Propose,96,38463
Propose,97,38861
Propose,98,39259
Propose,99,39657
Propose,100,40055
VoteCert,3,852
VoteCert,4,1081
VoteCert,5,1310
VoteCert,6,1539
VoteCert,7,1768
VoteCert,8,1997
VoteCert,9,2226
VoteCert,10,2455
VoteCert,11,2684
VoteCert,12,2913
VoteCert,13,3142
VoteCert,14,3371
VoteCert,15,3600
VoteCert,16,3829
VoteCert,17,4058
VoteCert,18,4287
VoteCert,19,4516
VoteCert,20,4745
VoteCert,21,4974
VoteCert,22,5203
VoteCert,23,5432
VoteCert,24,5661
VoteCert,25,5890
VoteCert,26,6119
VoteCert,27,6348
VoteCert,28,6577
VoteCert,29,6806
VoteCert,30,7035
VoteCert,31,7264
VoteCert,32,7493
VoteCert,33,7722
VoteCert,34,7951
VoteCert,35,8180
VoteCert,36,8409
VoteCert,37,8638
VoteCert,38,8867
VoteCert,39,9096
VoteCert,40,9325
VoteCert,41,9554
VoteCert,42,9783
VoteCert,43,10012
VoteCert,44,10241
VoteCert,45,10470
VoteCert,46,10699
VoteCert,47,10928
VoteCert,48,11157
VoteCert,49,11386
VoteCert,50,11615
VoteCert,51,11844
VoteCert,52,12073
VoteCert,53,12302
VoteCert,54,12531
VoteCert,55,12760
VoteCert,56,12989
VoteCert,57,13218
VoteCert,58,13447
VoteCert,59,13676
VoteCert,60,13905
VoteCert,61,14134
VoteCert,62,14363
VoteCert,63,14592
VoteCert,64,14821
VoteCert,65,15050
VoteCert,66,15279
VoteCert,67,15508
VoteCert,68,15737
VoteCert,69,15966
VoteCert,70,16195
VoteCert,71,16424
VoteCert,72,16653
VoteCert,73,16882
VoteCert,74,17111
VoteCert,75,17340
VoteCert,76,17569
VoteCert,77,17798
VoteCert,78,18027
VoteCert,79,18256
VoteCert,80,18485
VoteCert,81,18714
VoteCert,82,18943
VoteCert,83,19172
VoteCert,84,19401
VoteCert,85,19630
VoteCert,86,19859
VoteCert,87,20088
VoteCert,88,20317
VoteCert,89,20546
VoteCert,90,20775
VoteCert,91,21004
VoteCert,92,21233
VoteCert,93,21462
VoteCert,94,21691
VoteCert,95,21920
Vote,3,56
Vote,4,56
Vote,5,56
Vote,6,56
Vote,7,56
Vote,8,56
Vote,9,56
Vote,10,56
Vote,11,56
Vote,12,56
Vote,13,56
Vote,14,56
Vote,15,56
Vote,16,56
Vote,17,56
Vote,18,56
Vote,19,56
Vote,20,56
Vote,21,56
Vote,22,56
Vote,23,56
Vote,24,56
Vote,25,56
Vote,26,56
Vote,27,56
Vote,28,56
Vote,29,56
Vote,30,56
Vote,31,56
Vote,32,56
Vote,33,56
Vote,34,56
Vote,35,56
Vote,36,56
Vote,37,56
Vote,38,56
Vote,39,56
Vote,40,56
Vote,41,56
Vote,42,56
Vote,43,56
Vote,44,56
Vote,45,56
Vote,46,56
Vote,47,56
Vote,48,56
Vote,49,56
Vote,50,56
Vote,51,56
Vote,52,56
Vote,53,56
Vote,54,56
Vote,55,56
Vote,56,56
Vote,57,56
Vote,58,56
Vote,59,56
Vote,60,56
Vote,61,56
Vote,62,56
Vote,63,56
Vote,64,56
Vote,65,56
Vote,66,56
Vote,67,56
Vote,68,56
Vote,69,56
Vote,70,56
Vote,71,56
Vote,72,56
Vote,73,56
Vote,74,56
Vote,75,56
Vote,76,56
Vote,77,56
Vote,78,56
Vote,79,56
Vote,80,56
Vote,81,56
Vote,82,56
Vote,83,56
Vote,84,56
Vote,85,56
Vote,86,56
Vote,87,56
Vote,88,56
Vote,89,56
Vote,90,56
Vote,91,56
Vote,92,56
Vote,93,56
Vote,94,56
Vote,95,56
Vote,96,56
Vote,97,56
Vote,98,56
Vote,99,56
Vote,100,56
VoteCert,96,22149
VoteCert,97,22378
VoteCert,98,22607
VoteCert,99,22836
VoteCert,100,23065
VoteCert,3,852
VoteCert,4,1081
VoteCert,5,1310
VoteCert,6,1539
VoteCert,7,1768
VoteCert,8,1997
VoteCert,9,2226
VoteCert,10,2455
VoteCert,11,2684
VoteCert,12,2913
VoteCert,13,3142
VoteCert,14,3371
VoteCert,15,3600
VoteCert,16,3829
VoteCert,17,4058
VoteCert,18,4287
VoteCert,19,4516
VoteCert,20,4745
VoteCert,21,4974
VoteCert,22,5203
VoteCert,23,5432
VoteCert,24,5661
VoteCert,25,5890
VoteCert,26,6119
VoteCert,27,6348
VoteCert,28,6577
VoteCert,29,6806
VoteCert,30,7035
VoteCert,31,7264
VoteCert,32,7493
VoteCert,33,7722
VoteCert,34,7951
VoteCert,35,8180
VoteCert,36,8409
VoteCert,37,8638
VoteCert,38,8867
VoteCert,39,9096
VoteCert,40,9325
VoteCert,41,9554
VoteCert,42,9783
VoteCert,43,10012
VoteCert,44,10241
VoteCert,45,10470
VoteCert,46,10699
VoteCert,47,10928
VoteCert,48,11157
VoteCert,49,11386
VoteCert,50,11615
VoteCert,51,11844
VoteCert,52,12073
VoteCert,53,12302
VoteCert,54,12531
VoteCert,55,12760
VoteCert,56,12989
VoteCert,57,13218
VoteCert,58,13447
VoteCert,59,13676
VoteCert,60,13905
VoteCert,61,14134
VoteCert,62,14363
VoteCert,63,14592
VoteCert,64,14821
VoteCert,65,15050
VoteCert,66,15279
VoteCert,67,15508
VoteCert,68,15737
VoteCert,69,15966
VoteCert,70,16195
VoteCert,71,16424
VoteCert,72,16653
VoteCert,73,16882
VoteCert,74,17111
VoteCert,75,17340
VoteCert,76,17569
VoteCert,77,17798
VoteCert,78,18027
VoteCert,79,18256
VoteCert,80,18485
VoteCert,81,18714
VoteCert,82,18943
VoteCert,83,19172
VoteCert,84,19401
VoteCert,85,19630
VoteCert,86,19859
VoteCert,87,20088
VoteCert,88,20317
VoteCert,89,20546
VoteCert,90,20775
VoteCert,91,21004
VoteCert,92,21233
VoteCert,93,21462
VoteCert,94,21691
VoteCert,95,21920
VoteCert,96,22149
VoteCert,97,22378
VoteCert,98,22607
VoteCert,99,22836
VoteCert,100,23065
DeliverPropose,3,717
DeliverPropose,4,664
DeliverPropose,5,737
DeliverPropose,6,692
DeliverPropose,7,748
DeliverPropose,8,710
DeliverPropose,9,754
DeliverPropose,10,721
DeliverPropose,11,758
DeliverPropose,12,729
DeliverPropose,13,761
DeliverPropose,14,735
DeliverPropose,15,763
DeliverPropose,16,740
DeliverPropose,17,765
DeliverPropose,18,744
DeliverPropose,19,766
DeliverPropose,20,747
DeliverPropose,21,767
DeliverPropose,22,750
DeliverPropose,23,768
DeliverPropose,24,752
DeliverPropose,25,769
DeliverPropose,26,754
DeliverPropose,27,770
DeliverPropose,28,756
DeliverPropose,29,770
DeliverPropose,30,757
DeliverPropose,31,771
DeliverPropose,32,758
DeliverPropose,33,771
DeliverPropose,34,759
DeliverPropose,35,772
DeliverPropose,36,760
DeliverPropose,37,772
DeliverPropose,38,761
DeliverPropose,39,772
DeliverPropose,40,762
DeliverPropose,41,773
DeliverPropose,42,763
DeliverPropose,43,773
DeliverPropose,44,764
DeliverPropose,45,773
DeliverPropose,46,764
DeliverPropose,47,773
DeliverPropose,48,765
DeliverPropose,49,774
DeliverPropose,50,765
DeliverPropose,51,774
DeliverPropose,52,766
DeliverPropose,53,774
DeliverPropose,54,766
DeliverPropose,55,774
DeliverPropose,56,767
DeliverPropose,57,774
DeliverPropose,58,767
DeliverPropose,59,774
DeliverPropose,60,767
DeliverPropose,61,775
DeliverPropose,62,768
DeliverPropose,63,775
DeliverPropose,64,768
DeliverPropose,65,775
DeliverPropose,66,768
DeliverPropose,67,775
DeliverPropose,68,769
DeliverPropose,69,775
DeliverPropose,70,769
DeliverPropose,71,775
DeliverPropose,72,769
DeliverPropose,73,775
DeliverPropose,74,769
DeliverPropose,75,775
DeliverPropose,76,770
DeliverPropose,77,775
DeliverPropose,78,770
DeliverPropose,79,775
DeliverPropose,80,770
DeliverPropose,81,775
DeliverPropose,82,770
DeliverPropose,83,776
DeliverPropose,84,770
DeliverPropose,85,776
DeliverPropose,86,771
DeliverPropose,87,776
DeliverPropose,88,771
DeliverPropose,89,776
DeliverPropose,90,771
DeliverPropose,91,776
DeliverPropose,92,771
DeliverPropose,93,776
DeliverPropose,94,771
DeliverPropose,95,776
DeliverPropose,96,771
DeliverPropose,97,776
DeliverPropose,98,772
DeliverPropose,99,776
DeliverPropose,100,772
DeliverVoteCert,3,418
DeliverVoteCert,4,408
DeliverVoteCert,5,426
DeliverVoteCert,6,416
DeliverVoteCert,7,429
DeliverVoteCert,8,421
DeliverVoteCert,9,432
DeliverVoteCert,10,424
DeliverVoteCert,11,433
DeliverVoteCert,12,427
DeliverVoteCert,13,434
DeliverVoteCert,14,428
DeliverVoteCert,15,435
DeliverVoteCert,16,430
DeliverVoteCert,17,436
DeliverVoteCert,18,431
DeliverVoteCert,19,436
DeliverVoteCert,20,432
DeliverVoteCert,21,436
DeliverVoteCert,22,432
DeliverVoteCert,23,437
DeliverVoteCert,24,433
DeliverVoteCert,25,437
DeliverVoteCert,26,434
DeliverVoteCert,27,437
DeliverVoteCert,28,434
DeliverVoteCert,29,438
DeliverVoteCert,30,434
DeliverVoteCert,31,438
DeliverVoteCert,32,435
DeliverVoteCert,33,438
DeliverVoteCert,34,435
DeliverVoteCert,35,438
DeliverVoteCert,36,435
DeliverVoteCert,37,438
DeliverVoteCert,38,436
DeliverVoteCert,39,438
DeliverVoteCert,40,436
DeliverVoteCert,41,438
DeliverVoteCert,42,436
DeliverVoteCert,43,438
DeliverVoteCert,44,436
DeliverVoteCert,45,439
DeliverVoteCert,46,436
DeliverVoteCert,47,439
DeliverVoteCert,48,437
DeliverVoteCert,49,439
DeliverVoteCert,50,437
DeliverVoteCert,51,439
DeliverVoteCert,52,437
DeliverVoteCert,53,439
DeliverVoteCert,54,437
DeliverVoteCert,55,439
DeliverVoteCert,56,437
DeliverVoteCert,57,439
DeliverVoteCert,58,437
DeliverVoteCert,59,439
DeliverVoteCert,60,437
DeliverVoteCert,61,439
DeliverVoteCert,62,437
DeliverVoteCert,63,439
DeliverVoteCert,64,438
DeliverVoteCert,65,439
DeliverVoteCert,66,438
DeliverVoteCert,67,439
DeliverVoteCert,68,438
DeliverVoteCert,69,439
DeliverVoteCert,70,438
DeliverVoteCert,71,439
DeliverVoteCert,72,438
DeliverVoteCert,73,439
DeliverVoteCert,74,438
DeliverVoteCert,75,439
DeliverVoteCert,76,438
DeliverVoteCert,77,439
DeliverVoteCert,78,438
DeliverVoteCert,79,439
DeliverVoteCert,80,438
DeliverVoteCert,81,439
DeliverVoteCert,82,438
DeliverVoteCert,83,439
DeliverVoteCert,84,438
DeliverVoteCert,85,439
DeliverVoteCert,86,438
DeliverVoteCert,87,439
DeliverVoteCert,88,438
DeliverVoteCert,89,440
DeliverVoteCert,90,438
DeliverVoteCert,91,440
DeliverVoteCert,92,438
DeliverVoteCert,93,440
DeliverVoteCert,94,438
DeliverVoteCert,95,440
DeliverVoteCert,96,439
DeliverVoteCert,97,440
DeliverVoteCert,98,439
DeliverVoteCert,99,440
DeliverVoteCert,100,439
Reconstruct,3,189
Reconstruct,4,189
Reconstruct,5,189
Reconstruct,6,189
Reconstruct,7,189
Reconstruct,8,189
Reconstruct,9,189
Reconstruct,10,189
Reconstruct,11,189
Reconstruct,12,189
Reconstruct,13,189
Reconstruct,14,189
Reconstruct,15,189
Reconstruct,16,189
Reconstruct,17,189
Reconstruct,18,189
Reconstruct,19,189
Reconstruct,20,189
Reconstruct,21,189
Reconstruct,22,189
Reconstruct,23,189
Reconstruct,24,189
Reconstruct,25,189
Reconstruct,26,189
Reconstruct,27,189
Reconstruct,28,189
Reconstruct,29,189
Reconstruct,30,189
Reconstruct,31,189
Reconstruct,32,189
Reconstruct,33,189
Reconstruct,34,189
Reconstruct,35,189
Reconstruct,36,189
Reconstruct,37,189
Reconstruct,38,189
Reconstruct,39,189
Reconstruct,40,189
Reconstruct,41,189
Reconstruct,42,189
Reconstruct,43,189
Reconstruct,44,189
Reconstruct,45,189
Reconstruct,46,189
Reconstruct,47,189
Reconstruct,48,189
Reconstruct,49,189
Reconstruct,50,189
Reconstruct,51,189
Reconstruct,52,189
Reconstruct,53,189
Reconstruct,54,189
Reconstruct,55,189
Reconstruct,56,189
Reconstruct,57,189
Reconstruct,58,189
Reconstruct,59,189
Reconstruct,60,189
Reconstruct,61,189
Reconstruct,62,189
Reconstruct,63,189
Reconstruct,64,189
Reconstruct,65,189
Reconstruct,66,189
Reconstruct,67,189
Reconstruct,68,189
Reconstruct,69,189
Reconstruct,70,189
Reconstruct,71,189
Reconstruct,72,189
Reconstruct,73,189
Reconstruct,74,189
Reconstruct,75,189
Reconstruct,76,189
Reconstruct,77,189
Reconstruct,78,189
Reconstruct,79,189
Reconstruct,80,189
Reconstruct,81,189
Reconstruct,82,189
Reconstruct,83,189
Reconstruct,84,189
Reconstruct,85,189
Reconstruct,86,189
Reconstruct,87,189
Reconstruct,88,189
Reconstruct,89,189
Reconstruct,90,189
Reconstruct,91,189
Reconstruct,92,189
Reconstruct,93,189
Reconstruct,94,189
Reconstruct,95,189
Reconstruct,96,189
Reconstruct,97,189
Reconstruct,98,189
Reconstruct,99,189
Reconstruct,100,189
Commit,3,1406
Commit,4,1817
Commit,5,2228
Commit,6,2639
Commit,7,3050
Commit,8,3461
Commit,9,3872
Commit,10,4283
Commit,11,4694
Commit,12,5105
Commit,13,5516
Commit,14,5927
Commit,15,6338
Commit,16,6749
Commit,17,7160
Commit,18,7571
Commit,19,7982
Commit,20,8393
Commit,21,8804
Commit,22,9215
Commit,23,9626
Commit,24,10037
Commit,25,10448
Commit,26,10859
Commit,27,11270
Commit,28,11681
Commit,29,12092
Commit,30,12503
Commit,31,12914
Commit,32,13325
Commit,33,13736
Commit,34,14147
Commit,35,14558
Commit,36,14969
Commit,37,15380
Commit,38,15791
Commit,39,16202
Commit,40,16613
Commit,41,17024
Commit,42,17435
Commit,43,17846
Commit,44,18257
Commit,45,18668
Commit,46,19079
Commit,47,19490
Commit,48,19901
Commit,49,20312
Commit,50,20723
Commit,51,21134
Commit,52,21545
Commit,53,21956
Commit,54,22367
Commit,55,22778
Commit,56,23189
Commit,57,23600
Commit,58,24011
Commit,59,24422
Commit,60,24833
Commit,61,25244
Commit,62,25655
Commit,63,26066
Commit,64,26477
Commit,65,26888
Commit,66,27299
Commit,67,27710
Commit,68,28121
Commit,69,28532
Commit,70,28943
Commit,71,29354
Commit,72,29765
Commit,73,30176
Commit,74,30587
Commit,75,30998
Commit,76,31409
Commit,77,31820
Commit,78,32231
Commit,79,32642
Commit,80,33053
Commit,81,33464
Commit,82,33875
Commit,83,34286
Commit,84,34697
Commit,85,35108
Commit,86,35519
Commit,87,35930
Commit,88,36341
Commit,89,36752
Commit,90,37163
Commit,91,37574
Commit,92,37985
Commit,93,38396
Commit,94,38807
Commit,95,39218
Commit,96,39629
Commit,97,40040
Commit,98,40451
Commit,99,40862
Commit,100,41273
DeliverCommit,3,430
DeliverCommit,4,418
DeliverCommit,5,437
DeliverCommit,6,426
DeliverCommit,7,440
DeliverCommit,8,431
DeliverCommit,9,442
DeliverCommit,10,434
DeliverCommit,11,444
DeliverCommit,12,436
DeliverCommit,13,445
DeliverCommit,14,438
DeliverCommit,15,445
DeliverCommit,16,440
DeliverCommit,17,446
DeliverCommit,18,441
DeliverCommit,19,446
DeliverCommit,20,442
DeliverCommit,21,447
DeliverCommit,22,442
DeliverCommit,23,447
DeliverCommit,24,443
DeliverCommit,25,447
DeliverCommit,26,443
DeliverCommit,27,448
DeliverCommit,28,444
DeliverCommit,29,448
DeliverCommit,30,444
DeliverCommit,31,448
DeliverCommit,32,445
DeliverCommit,33,448
DeliverCommit,34,445
DeliverCommit,35,448
DeliverCommit,36,445
DeliverCommit,37,448
DeliverCommit,38,446
DeliverCommit,39,448
DeliverCommit,40,446
DeliverCommit,41,449
DeliverCommit,42,446
DeliverCommit,43,449
DeliverCommit,44,446
DeliverCommit,45,449
DeliverCommit,46,446
DeliverCommit,47,449
DeliverCommit,48,447
DeliverCommit,49,449
DeliverCommit,50,447
DeliverCommit,51,449
DeliverCommit,52,447
DeliverCommit,53,449
DeliverCommit,54,447
DeliverCommit,55,449
DeliverCommit,56,447
DeliverCommit,57,449
DeliverCommit,58,447
DeliverCommit,59,449
DeliverCommit,60,447
DeliverCommit,61,449
DeliverCommit,62,447
DeliverCommit,63,449
DeliverCommit,64,448
DeliverCommit,65,449
DeliverCommit,66,448
DeliverCommit,67,449
DeliverCommit,68,448
DeliverCommit,69,449
DeliverCommit,70,448
DeliverCommit,71,449
DeliverCommit,72,448
DeliverCommit,73,449
DeliverCommit,74,448
DeliverCommit,75,449
DeliverCommit,76,448
DeliverCommit,77,449
DeliverCommit,78,448
DeliverCommit,79,449
DeliverCommit,80,448
DeliverCommit,81,449
DeliverCommit,82,448
DeliverCommit,83,450
DeliverCommit,84,448
DeliverCommit,85,450
DeliverCommit,86,448
DeliverCommit,87,450
DeliverCommit,88,448
DeliverCommit,89,450
DeliverCommit,90,448
DeliverCommit,91,450
DeliverCommit,92,448
DeliverCommit,93,450
DeliverCommit,94,448
DeliverCommit,95,450
DeliverCommit,96,448
DeliverCommit,97,450
DeliverCommit,98,449
DeliverCommit,99,450
DeliverCommit,100,449
Ack,3,56
Ack,4,56
Ack,5,56
Ack,6,56
Ack,7,56
Ack,8,56
Ack,9,56
Ack,10,56
Ack,11,56
Ack,12,56
Ack,13,56
Ack,14,56
Ack,15,56
Ack,16,56
Ack,17,56
Ack,18,56
Ack,19,56
Ack,20,56
Ack,21,56
Ack,22,56
Ack,23,56
Ack,24,56
Ack,25,56
Ack,26,56
Ack,27,56
Ack,28,56
Ack,29,56
Ack,30,56
Ack,31,56
Ack,32,56
Ack,33,56
Ack,34,56
Ack,35,56
Ack,36,56
Ack,37,56
Ack,38,56
Ack,39,56
Ack,40,56
Ack,41,56
Ack,42,56
Ack,43,56
Ack,44,56
Ack,45,56
Ack,46,56
Ack,47,56
Ack,48,56
Ack,49,56
Ack,50,56
Ack,51,56
Ack,52,56
Ack,53,56
Ack,54,56
Ack,55,56
Ack,56,56
Ack,57,56
Ack,58,56
Ack,59,56
Ack,60,56
Ack,61,56
Ack,62,56
Ack,63,56
Ack,64,56
Ack,65,56
Ack,66,56
Ack,67,56
Ack,68,56
Ack,69,56
Ack,70,56
Ack,71,56
Ack,72,56
Ack,73,56
Ack,74,56
Ack,75,56
Ack,76,56
Ack,77,56
Ack,78,56
Ack,79,56
Ack,80,56
Ack,81,56
Ack,82,56
Ack,83,56
Ack,84,56
Ack,85,56
Ack,86,56
Ack,87,56
Ack,88,56
Ack,89,56
Ack,90,56
Ack,91,56
Ack,92,56
Ack,93,56
Ack,94,56
Ack,95,56
Ack,96,56
Ack,97,56
Ack,98,56
Ack,99,56
Ack,100,56
